{
    "gridSize": 5, 
    "nThreads": 8, 
    "metric": "ROC_AUC", 
    "gridPoints": [
        {
            "index": 0, 
            "finishedAt": 1520274028503.0, 
            "score": 0.75799903140274394, 
            "parameters": {
                "penalty": "l1", 
                "C": 0.01
            }, 
            "time": 169.0
        }, 
        {
            "index": 1, 
            "finishedAt": 1520274028520.0, 
            "score": 0.76518245778967897, 
            "parameters": {
                "penalty": "l1", 
                "C": 0.1
            }, 
            "time": 195.0
        }, 
        {
            "index": 2, 
            "finishedAt": 1520274028580.0, 
            "score": 0.76461828658718012, 
            "parameters": {
                "penalty": "l1", 
                "C": 1.0
            }, 
            "time": 189.0
        }, 
        {
            "index": 3, 
            "finishedAt": 1520274028616.0, 
            "score": 0.75280892368115249, 
            "parameters": {
                "penalty": "l1", 
                "C": 10.0
            }, 
            "time": 196.0
        }, 
        {
            "index": 4, 
            "finishedAt": 1520274028634.0, 
            "score": 0.74938437359438548, 
            "parameters": {
                "penalty": "l1", 
                "C": 100.0
            }, 
            "time": 142.0
        }
    ], 
    "startedAt": 1520274028374, 
    "nSplits": 3
}