[
    {
        "parameters": {
            "penalty": "l1", 
            "C": 0.01
        }, 
        "score_time": 25, 
        "test_score": 0.7450218089724663, 
        "fit_time": 35, 
        "num_samples": 2670, 
        "best_iteration": null, 
        "train_score": 0.7662477868740989, 
        "parameter_id": 0, 
        "time": 60, 
        "done_at": 1520274028503, 
        "grid_point_id": "{\"penalty\": \"l1\", \"C\": 0.01}@2"
    }, 
    {
        "parameters": {
            "penalty": "l1", 
            "C": 100.0
        }, 
        "score_time": 24, 
        "test_score": 0.7574077407740772, 
        "fit_time": 30, 
        "num_samples": 2671, 
        "best_iteration": null, 
        "train_score": 0.7767936044189898, 
        "parameter_id": 4, 
        "time": 54, 
        "done_at": 1520274028634, 
        "grid_point_id": "{\"penalty\": \"l1\", \"C\": 100.0}@0"
    }, 
    {
        "parameters": {
            "penalty": "l1", 
            "C": 1.0
        }, 
        "score_time": 25, 
        "test_score": 0.7644012644824201, 
        "fit_time": 36, 
        "num_samples": 2670, 
        "best_iteration": null, 
        "train_score": 0.7717383983296289, 
        "parameter_id": 2, 
        "time": 61, 
        "done_at": 1520274028560, 
        "grid_point_id": "{\"penalty\": \"l1\", \"C\": 1.0}@1"
    }, 
    {
        "parameters": {
            "penalty": "l1", 
            "C": 0.1
        }, 
        "score_time": 25, 
        "test_score": 0.7766868115382968, 
        "fit_time": 34, 
        "num_samples": 2671, 
        "best_iteration": null, 
        "train_score": 0.7637084356366939, 
        "parameter_id": 1, 
        "time": 59, 
        "done_at": 1520274028504, 
        "grid_point_id": "{\"penalty\": \"l1\", \"C\": 0.1}@0"
    }, 
    {
        "parameters": {
            "penalty": "l1", 
            "C": 100.0
        }, 
        "score_time": 17, 
        "test_score": 0.742854222971087, 
        "fit_time": 28, 
        "num_samples": 2670, 
        "best_iteration": null, 
        "train_score": 0.7793176171900305, 
        "parameter_id": 4, 
        "time": 45, 
        "done_at": 1520274028632, 
        "grid_point_id": "{\"penalty\": \"l1\", \"C\": 100.0}@1"
    }, 
    {
        "parameters": {
            "penalty": "l1", 
            "C": 1.0
        }, 
        "score_time": 26, 
        "test_score": 0.7771557155715572, 
        "fit_time": 42, 
        "num_samples": 2671, 
        "best_iteration": null, 
        "train_score": 0.7701560163822783, 
        "parameter_id": 2, 
        "time": 68, 
        "done_at": 1520274028553, 
        "grid_point_id": "{\"penalty\": \"l1\", \"C\": 1.0}@0"
    }, 
    {
        "parameters": {
            "penalty": "l1", 
            "C": 0.1
        }, 
        "score_time": 31, 
        "test_score": 0.765836302599815, 
        "fit_time": 35, 
        "num_samples": 2670, 
        "best_iteration": null, 
        "train_score": 0.7654419023080002, 
        "parameter_id": 1, 
        "time": 66, 
        "done_at": 1520274028520, 
        "grid_point_id": "{\"penalty\": \"l1\", \"C\": 0.1}@1"
    }, 
    {
        "parameters": {
            "penalty": "l1", 
            "C": 10.0
        }, 
        "score_time": 27, 
        "test_score": 0.7486115512409945, 
        "fit_time": 36, 
        "num_samples": 2670, 
        "best_iteration": null, 
        "train_score": 0.7862707042834792, 
        "parameter_id": 3, 
        "time": 63, 
        "done_at": 1520274028616, 
        "grid_point_id": "{\"penalty\": \"l1\", \"C\": 10.0}@2"
    }, 
    {
        "parameters": {
            "penalty": "l1", 
            "C": 0.01
        }, 
        "score_time": 28, 
        "test_score": 0.772018773305902, 
        "fit_time": 16, 
        "num_samples": 2671, 
        "best_iteration": null, 
        "train_score": 0.7559484090485551, 
        "parameter_id": 0, 
        "time": 44, 
        "done_at": 1520274028479, 
        "grid_point_id": "{\"penalty\": \"l1\", \"C\": 0.01}@0"
    }, 
    {
        "parameters": {
            "penalty": "l1", 
            "C": 100.0
        }, 
        "score_time": 12, 
        "test_score": 0.7478936027872889, 
        "fit_time": 31, 
        "num_samples": 2670, 
        "best_iteration": null, 
        "train_score": 0.7863496410735575, 
        "parameter_id": 4, 
        "time": 43, 
        "done_at": 1520274028632, 
        "grid_point_id": "{\"penalty\": \"l1\", \"C\": 100.0}@2"
    }, 
    {
        "parameters": {
            "penalty": "l1", 
            "C": 10.0
        }, 
        "score_time": 27, 
        "test_score": 0.7470373891409436, 
        "fit_time": 37, 
        "num_samples": 2670, 
        "best_iteration": null, 
        "train_score": 0.7791440849531464, 
        "parameter_id": 3, 
        "time": 64, 
        "done_at": 1520274028610, 
        "grid_point_id": "{\"penalty\": \"l1\", \"C\": 10.0}@1"
    }, 
    {
        "parameters": {
            "penalty": "l1", 
            "C": 0.1
        }, 
        "score_time": 36, 
        "test_score": 0.7530240143452285, 
        "fit_time": 34, 
        "num_samples": 2670, 
        "best_iteration": null, 
        "train_score": 0.7743044875136155, 
        "parameter_id": 1, 
        "time": 70, 
        "done_at": 1520274028520, 
        "grid_point_id": "{\"penalty\": \"l1\", \"C\": 0.1}@2"
    }, 
    {
        "parameters": {
            "penalty": "l1", 
            "C": 1.0
        }, 
        "score_time": 26, 
        "test_score": 0.7522931840412769, 
        "fit_time": 34, 
        "num_samples": 2670, 
        "best_iteration": null, 
        "train_score": 0.7804602701268437, 
        "parameter_id": 2, 
        "time": 60, 
        "done_at": 1520274028580, 
        "grid_point_id": "{\"penalty\": \"l1\", \"C\": 1.0}@2"
    }, 
    {
        "parameters": {
            "penalty": "l1", 
            "C": 0.01
        }, 
        "score_time": 29, 
        "test_score": 0.7569512610901996, 
        "fit_time": 36, 
        "num_samples": 2670, 
        "best_iteration": null, 
        "train_score": 0.7575861901801776, 
        "parameter_id": 0, 
        "time": 65, 
        "done_at": 1520274028501, 
        "grid_point_id": "{\"penalty\": \"l1\", \"C\": 0.01}@1"
    }, 
    {
        "parameters": {
            "penalty": "l1", 
            "C": 10.0
        }, 
        "score_time": 36, 
        "test_score": 0.7627799922849428, 
        "fit_time": 33, 
        "num_samples": 2671, 
        "best_iteration": null, 
        "train_score": 0.7767057931398135, 
        "parameter_id": 3, 
        "time": 69, 
        "done_at": 1520274028613, 
        "grid_point_id": "{\"penalty\": \"l1\", \"C\": 10.0}@0"
    }
]