{
    "usedGridSearch": true, 
    "probaAware": true, 
    "gridSize": 5, 
    "modelInputNRows": 8011, 
    "modelInputNCols": 114, 
    "modelInputMemory": 7306032, 
    "gridCells": [
        {
            "scoreTimeStd": 0.0016996731711975948, 
            "scoreTime": 0.027333333333333334, 
            "fitTime": 0.028999999999999998, 
            "score": 0.75799903140274394, 
            "params": {
                "penalty": "l1", 
                "C": 0.01
            }, 
            "fitTimeStd": 0.0092014491612281736, 
            "scoreStd": 0.011046676714598833
        }, 
        {
            "scoreTimeStd": 0.0044969125210773449, 
            "scoreTime": 0.030666666666666665, 
            "fitTime": 0.034333333333333334, 
            "score": 0.76518381224092591, 
            "params": {
                "penalty": "l1", 
                "C": 0.1
            }, 
            "fitTimeStd": 0.00047140452079103207, 
            "scoreStd": 0.0096716069906047381
        }, 
        {
            "scoreTimeStd": 0.0004714045207910305, 
            "scoreTime": 0.025666666666666667, 
            "fitTime": 0.037333333333333336, 
            "score": 0.76461828658718012, 
            "params": {
                "penalty": "l1", 
                "C": 1.0
            }, 
            "fitTimeStd": 0.0033993463423951905, 
            "scoreStd": 0.010151562300073374
        }, 
        {
            "scoreTimeStd": 0.004242640687119284, 
            "scoreTime": 0.029999999999999999, 
            "fitTime": 0.035333333333333335, 
            "score": 0.75281088880450098, 
            "params": {
                "penalty": "l1", 
                "C": 10.0
            }, 
            "fitTimeStd": 0.0016996731711975933, 
            "scoreStd": 0.0070797647786357432
        }, 
        {
            "scoreTimeStd": 0.0049216076867444666, 
            "scoreTime": 0.017666666666666667, 
            "fitTime": 0.029666666666666664, 
            "score": 0.74938619028615949, 
            "params": {
                "penalty": "l1", 
                "C": 100.0
            }, 
            "fitTimeStd": 0.0012472191289246467, 
            "scoreStd": 0.0060346263847549271
        }
    ], 
    "lmCoefficients": {
        "interceptStderr": null, 
        "interceptTstat": null, 
        "rescaledCoefs": [
            0.071143062734091586, 
            2.3737727285603752e-06, 
            -0.00043974657057092907, 
            -0.083017483236185879, 
            -1.0390755667796554, 
            -0.12258645520208422, 
            -0.018645677655301073, 
            -0.52817747826831429, 
            -0.071985526983545017, 
            0.66787950098124582
        ], 
        "variables": [
            "Age", 
            "Balance", 
            "CreditScore", 
            "HasCrCard", 
            "IsActiveMember", 
            "NumOfProducts", 
            "Tenure", 
            "dummy:Gender:Male", 
            "dummy:Geography:France", 
            "dummy:Geography:Germany"
        ], 
        "interceptCoef": -1.4608198515069049, 
        "interceptPvalue": null, 
        "coefs": [
            0.74041947804516639, 
            0.14821401532068945, 
            -0.042392003717870747, 
            -0.037738441516961381, 
            -0.51947295058416953, 
            -0.071110495293948334, 
            -0.053601181079150885, 
            -0.52817747826831429, 
            -0.071985526983545017, 
            0.66787950098124582
        ]
    }, 
    "gridBestScore": 0.76518381224092591, 
    "modelInputIsSparse": false
}