{
  "state": "DONE",
  "preSearchDescription": {
    "gridLength": 5,
    "importantParams": [
      {
        "name": "penalty",
        "vals": [
          "l1"
        ]
      },
      {
        "name": "C",
        "vals": [
          "0.01",
          "0.1",
          "1.0",
          "10.0",
          "100.0"
        ]
      }
    ]
  },
  "postSearchDescription": {
    "importantParams": [
      {
        "name": "C",
        "val": "0.1"
      },
      {
        "name": "penalty",
        "val": "l1"
      }
    ]
  },
  "modelId": "m1",
  "progress": {
    "top_level_todo": [],
    "stack": [],
    "top_level_done": [
      {
        "name": "Loading train set",
        "time": 20
      },
      {
        "name": "Loading test set",
        "time": 9
      },
      {
        "name": "Collecting statistics",
        "time": 21
      },
      {
        "name": "Preprocessing train set",
        "time": 36
      },
      {
        "name": "Preprocessing test set",
        "time": 23
      },
      {
        "name": "Grid searching",
        "time": 1057
      },
      {
        "name": "Fitting model",
        "time": 25
      },
      {
        "name": "Saving model",
        "time": 3
      },
      {
        "name": "Scoring model",
        "time": 542
      }
    ]
  },
  "startTime": 1520274028250,
  "endTime": 1520274029989,
  "preprocessingTime": 111,
  "trainingTime": 1628
}