{
  "dashboardAuthorizations": {
    "allAuthorized": false,
    "authorizations": []
  },
  "exposedObjects": {
    "objects": []
  },
  "projectType": "REGULAR",
  "owner": "llaris",
  "permissions": [],
  "additionalDashboardUsers": {
    "users": []
  },
  "tutorialProject": false,
  "settings": {
    "flowAnchorSourcesAndSinks": true,
    "gitCommitMode": "AUTO",
    "disableAutomaticTriggers": false,
    "integrations": {
      "integrations": []
    },
    "flowBuildSettings": {
      "mergeSparkPipelines": false,
      "pruneBeforeSparkPipelines": true
    },
    "limitsSettings": {
      "memSampleBytes": {
        "soft": -1,
        "hard": -1
      },
      "shakerMemTableBytes": {
        "soft": -1,
        "hard": -1
      },
      "attachmentBytes": {
        "soft": -1,
        "hard": -1
      }
    },
    "relocationSettings": {
      "sqlLikeRecipesInitializationMode": "RESOLVED_TABLE_REFERENCES"
    },
    "recipeEnginesPreferences": {
      "forbiddenEngines": [],
      "enginesPreferenceOrder": [],
      "forbiddenByRecipeType": {},
      "preferenceByRecipeType": {}
    },
    "codeEnvs": {
      "python": {
        "useBuiltinEnv": true,
        "preventOverride": false
      },
      "r": {
        "useBuiltinEnv": true,
        "preventOverride": false
      }
    },
    "datasetsCreationSettings": {
      "useGlobal": true,
      "preferedStorageFormats": "CSV_ESCAPING_NOGZIP_FORHIVE,CSV_EXCEL_GZIP,PARQUET_HIVE",
      "virtualizable": false
    },
    "hiveEngineCreationSettings": {
      "useGlobal": true,
      "executionEngine": "HIVECLI_LOCAL"
    },
    "sparkEngineCreationSettings": {
      "useGlobal": true
    },
    "impalaEngineCreationSettings": {
      "useGlobal": true,
      "streamMode": true
    }
  },
  "name": "ETL phase 3 project",
  "metrics": {
    "probes": [],
    "engineConfig": {
      "padRunsWithMetrics": false,
      "hive": {
        "active": true,
        "extraConf": []
      },
      "basic": {},
      "dss": {
        "active": true,
        "selection": {
          "useMemTable": false,
          "filter": {
            "distinct": false,
            "enabled": false
          },
          "partitionSelectionMethod": "ALL",
          "latestPartitionsN": 1,
          "ordering": {
            "enabled": false,
            "rules": []
          },
          "samplingMethod": "FULL",
          "maxRecords": -1,
          "targetRatio": 0.02,
          "withinFirstN": -1,
          "maxReadUncompressedBytes": -1
        }
      },
      "sql": {
        "active": true
      },
      "impala": {
        "active": true
      },
      "python": {}
    },
    "displayedState": {
      "columns": [],
      "metrics": []
    }
  },
  "metricsChecks": {
    "runOnBuild": false,
    "checks": [],
    "displayedState": {
      "checks": []
    }
  },
  "versionTag": {
    "versionNumber": 22,
    "lastModifiedBy": {
      "login": "llaris"
    },
    "lastModifiedOn": 1520358196748
  },
  "creationTag": {
    "versionNumber": 0,
    "lastModifiedBy": {
      "login": "llaris"
    },
    "lastModifiedOn": 1519945095857
  },
  "description": "Description \n\u003d\u003d\nThis section will be focused on doing the ETL phase 3 project of the  Data Science A-Z:  Real-Life Data Science Exercises Included\nwith instructor Kirill Eremenko CEO from SuperDataScience.\n\nThis section will be focused on doing the main project of the course where we need to use tools to find 5 errors in a table with 1\u0027050,000,000 records.\n\nOne error with an extra \";\" was modified by hand. before uploading the dataset to DSS",
  "shortDesc": "The project *ETL DS project* was created by Luis Fernando Laris Pardo on Mar 01st 2018",
  "tags": [],
  "checklists": {
    "checklists": [
      {
        "title": "Project\u0027s Todo",
        "createdOn": 0,
        "items": [
          {
            "done": false,
            "text": "Check  Data Science A-Z:  Real-Life Data Science Exercises Included",
            "createdOn": 1519945095857,
            "createdBy": "llaris",
            "stateChangedOn": 0
          },
          {
            "done": false,
            "text": "Check for the ETL phase 3 project",
            "createdOn": 1519945095857,
            "createdBy": "llaris",
            "stateChangedOn": 0
          },
          {
            "done": false,
            "text": "Check the recipes and notebooks to see how the errors were found.",
            "createdOn": 1519945095857,
            "createdBy": "llaris",
            "stateChangedOn": 0
          },
          {
            "done": false,
            "text": "Practice your SQL programming",
            "createdOn": 1519945095857,
            "createdBy": "llaris",
            "stateChangedOn": 0
          },
          {
            "done": false,
            "text": "give your own insights",
            "createdOn": 1519945095857,
            "createdBy": "llaris",
            "stateChangedOn": 0
          }
        ]
      }
    ]
  }
}