{
  "analyzedDataset": "VehicleService_copy",
  "connection": "Postgres",
  "name": "llaris\u0027s notebook on VehicleService_copy",
  "cells": [
    {
      "id": "g56qefxl7v",
      "type": "QUERY",
      "querySettings": {
        "addLimitToStatement": true,
        "statementsOutOfTransaction": false,
        "inheritConf": "default",
        "extraConf": [],
        "addDkuUdf": false,
        "statementsParseMode": "SPLIT",
        "statementsExecutionMode": "PREPARED"
      }
    },
    {
      "id": "jezdjzoboyp",
      "type": "QUERY",
      "querySettings": {
        "addLimitToStatement": true,
        "statementsOutOfTransaction": false,
        "inheritConf": "default",
        "extraConf": [],
        "addDkuUdf": false,
        "statementsParseMode": "SPLIT",
        "statementsExecutionMode": "PREPARED"
      }
    },
    {
      "id": "xw485fvp6",
      "type": "QUERY",
      "querySettings": {
        "addLimitToStatement": true,
        "statementsOutOfTransaction": false,
        "inheritConf": "default",
        "extraConf": [],
        "addDkuUdf": false,
        "statementsParseMode": "SPLIT",
        "statementsExecutionMode": "PREPARED"
      }
    },
    {
      "id": "erqc5295yss",
      "type": "QUERY",
      "querySettings": {
        "addLimitToStatement": true,
        "statementsOutOfTransaction": false,
        "inheritConf": "default",
        "extraConf": [],
        "addDkuUdf": false,
        "statementsParseMode": "SPLIT",
        "statementsExecutionMode": "PREPARED"
      }
    }
  ],
  "automationLocal": false,
  "versionTag": {
    "versionNumber": 3,
    "lastModifiedBy": {
      "login": "llaris"
    },
    "lastModifiedOn": 1520284231162
  },
  "creationTag": {
    "versionNumber": 0,
    "lastModifiedBy": {
      "login": "llaris"
    },
    "lastModifiedOn": 1520275896331
  },
  "tags": [],
  "checklists": {
    "checklists": []
  }
}