{
  "queries": {
    "g56qefxl7v": [
      {
        "mode": "SQL",
        "id": "6amsV3DQ7Xlq",
        "runOn": 1520275926287,
        "runIn": 34,
        "runBy": "llaris",
        "connection": "Postgres",
        "state": "FAILED",
        "futureId": "GOUSWxGK",
        "hash": "42ef6a5424bfece6d082ac772a21a44a",
        "querySettings": {
          "addLimitToStatement": true,
          "statementsOutOfTransaction": false,
          "inheritConf": "default",
          "extraConf": [],
          "addDkuUdf": false,
          "statementsParseMode": "SPLIT",
          "statementsExecutionMode": "PREPARED"
        },
        "sql": "GROUP BY \"CustomerID\"\nHaving COUNT(*)\u003e1",
        "expandedSql": "GROUP BY \"CustomerID\"\nHaving COUNT(*)\u003e1"
      },
      {
        "mode": "SQL",
        "id": "5umFkj6ebFzc",
        "runOn": 1520275978050,
        "runIn": 1489,
        "runBy": "llaris",
        "connection": "Postgres",
        "state": "DONE",
        "futureId": "aQVTDy9F",
        "hash": "0143dc867b853cf3f076c5ab4b8ad6c3",
        "querySettings": {
          "addLimitToStatement": true,
          "statementsOutOfTransaction": false,
          "inheritConf": "default",
          "extraConf": [],
          "addDkuUdf": false,
          "statementsParseMode": "SPLIT",
          "statementsExecutionMode": "PREPARED"
        },
        "sql": "select \"CustomerID\" from  \"ETLDSPROJECT_vehicleservice_copy\"\nGROUP BY \"CustomerID\"\nHaving COUNT(*)\u003e1",
        "expandedSql": "select \"CustomerID\" from  \"ETLDSPROJECT_vehicleservice_copy\"\nGROUP BY \"CustomerID\"\nHaving COUNT(*)\u003e1"
      },
      {
        "mode": "SQL",
        "id": "Ik8VzxKVI9TF",
        "runOn": 1520275991089,
        "runIn": 40,
        "runBy": "llaris",
        "connection": "Postgres",
        "state": "FAILED",
        "futureId": "qGFSJjhF",
        "hash": "aeee317818a022ca7d2241dd842f3b4c",
        "querySettings": {
          "addLimitToStatement": true,
          "statementsOutOfTransaction": false,
          "inheritConf": "default",
          "extraConf": [],
          "addDkuUdf": false,
          "statementsParseMode": "SPLIT",
          "statementsExecutionMode": "PREPARED"
        },
        "sql": "select * from  \"ETLDSPROJECT_vehicleservice_copy\"\nGROUP BY \"CustomerID\"\nHaving COUNT(*)\u003e1",
        "expandedSql": "select * from  \"ETLDSPROJECT_vehicleservice_copy\"\nGROUP BY \"CustomerID\"\nHaving COUNT(*)\u003e1"
      },
      {
        "mode": "SQL",
        "id": "2oEBmK80eXtT",
        "runOn": 1520275997467,
        "runIn": 1508,
        "runBy": "llaris",
        "connection": "Postgres",
        "state": "DONE",
        "futureId": "whQWuex1",
        "hash": "0143dc867b853cf3f076c5ab4b8ad6c3",
        "querySettings": {
          "addLimitToStatement": true,
          "statementsOutOfTransaction": false,
          "inheritConf": "default",
          "extraConf": [],
          "addDkuUdf": false,
          "statementsParseMode": "SPLIT",
          "statementsExecutionMode": "PREPARED"
        },
        "sql": "select \"CustomerID\" from  \"ETLDSPROJECT_vehicleservice_copy\"\nGROUP BY \"CustomerID\"\nHaving COUNT(*)\u003e1",
        "expandedSql": "select \"CustomerID\" from  \"ETLDSPROJECT_vehicleservice_copy\"\nGROUP BY \"CustomerID\"\nHaving COUNT(*)\u003e1"
      }
    ],
    "jezdjzoboyp": [
      {
        "mode": "SQL",
        "id": "vdhc8PFePPwE",
        "runOn": 1520283175163,
        "runIn": 389,
        "runBy": "llaris",
        "connection": "Postgres",
        "state": "DONE",
        "futureId": "JxZYP0U6",
        "hash": "d9a0374639a6be4497746f094d97c50f",
        "querySettings": {
          "addLimitToStatement": true,
          "statementsOutOfTransaction": false,
          "inheritConf": "default",
          "extraConf": [],
          "addDkuUdf": false,
          "statementsParseMode": "SPLIT",
          "statementsExecutionMode": "PREPARED"
        },
        "sql": "select \"CustomerID\" from  \"ETLDSPROJECT_vehicleservice_copy\"\nwhere \"2015\" not like \u0027%.%\u0027",
        "expandedSql": "select \"CustomerID\" from  \"ETLDSPROJECT_vehicleservice_copy\"\nwhere \"2015\" not like \u0027%.%\u0027"
      },
      {
        "mode": "SQL",
        "id": "ntSksHS7Cn3R",
        "runOn": 1520283188065,
        "runIn": 24,
        "runBy": "llaris",
        "connection": "Postgres",
        "state": "DONE",
        "futureId": "NDy9BsCs",
        "hash": "d2619025fa3d9a7212cd6b1d9c03f16c",
        "querySettings": {
          "addLimitToStatement": true,
          "statementsOutOfTransaction": false,
          "inheritConf": "default",
          "extraConf": [],
          "addDkuUdf": false,
          "statementsParseMode": "SPLIT",
          "statementsExecutionMode": "PREPARED"
        },
        "sql": "select \"CustomerID\" from  \"ETLDSPROJECT_vehicleservice_copy\"\nwhere \"2015\" !\u003d \u0027%.%\u0027",
        "expandedSql": "select \"CustomerID\" from  \"ETLDSPROJECT_vehicleservice_copy\"\nwhere \"2015\" !\u003d \u0027%.%\u0027"
      },
      {
        "mode": "SQL",
        "id": "AvAwM4abPUbo",
        "runOn": 1520283195088,
        "runIn": 27,
        "runBy": "llaris",
        "connection": "Postgres",
        "state": "FAILED",
        "futureId": "MzCVdqFn",
        "hash": "971f9a7c4ac2e445cdc83458462d426a",
        "querySettings": {
          "addLimitToStatement": true,
          "statementsOutOfTransaction": false,
          "inheritConf": "default",
          "extraConf": [],
          "addDkuUdf": false,
          "statementsParseMode": "SPLIT",
          "statementsExecutionMode": "PREPARED"
        },
        "sql": "select \"CustomerID\" from  \"ETLDSPROJECT_vehicleservice_copy\"\nwhere \"2015\" \u003d\u003d \u0027%.%\u0027",
        "expandedSql": "select \"CustomerID\" from  \"ETLDSPROJECT_vehicleservice_copy\"\nwhere \"2015\" \u003d\u003d \u0027%.%\u0027"
      },
      {
        "mode": "SQL",
        "id": "9CGbFYYviN7Y",
        "runOn": 1520283389466,
        "runIn": 318,
        "runBy": "llaris",
        "connection": "Postgres",
        "state": "DONE",
        "futureId": "6bJ7rSSl",
        "hash": "63ade7865eb5cf072f1c500755b2dbf1",
        "querySettings": {
          "addLimitToStatement": true,
          "statementsOutOfTransaction": false,
          "inheritConf": "default",
          "extraConf": [],
          "addDkuUdf": false,
          "statementsParseMode": "SPLIT",
          "statementsExecutionMode": "PREPARED"
        },
        "sql": "select \"CustomerID\" from  \"ETLDSPROJECT_vehicleservice_copy\"\nwhere \"2015\" \u003d \u0027%.%\u0027",
        "expandedSql": "select \"CustomerID\" from  \"ETLDSPROJECT_vehicleservice_copy\"\nwhere \"2015\" \u003d \u0027%.%\u0027"
      },
      {
        "mode": "SQL",
        "id": "YaOQNed7OSAr",
        "runOn": 1520283396580,
        "runIn": 22,
        "runBy": "llaris",
        "connection": "Postgres",
        "state": "DONE",
        "futureId": "fLjDJtOW",
        "hash": "aef1b13a883da4f04404412067ad1d1f",
        "querySettings": {
          "addLimitToStatement": true,
          "statementsOutOfTransaction": false,
          "inheritConf": "default",
          "extraConf": [],
          "addDkuUdf": false,
          "statementsParseMode": "SPLIT",
          "statementsExecutionMode": "PREPARED"
        },
        "sql": "select \"CustomerID\" from  \"ETLDSPROJECT_vehicleservice_copy\"\nwhere \"2015\" like \u0027%.%\u0027",
        "expandedSql": "select \"CustomerID\" from  \"ETLDSPROJECT_vehicleservice_copy\"\nwhere \"2015\" like \u0027%.%\u0027"
      },
      {
        "mode": "SQL",
        "id": "IbOSXYJq2KvM",
        "runOn": 1520283404995,
        "runIn": 351,
        "runBy": "llaris",
        "connection": "Postgres",
        "state": "DONE",
        "futureId": "kdBoo9N4",
        "hash": "d9a0374639a6be4497746f094d97c50f",
        "querySettings": {
          "addLimitToStatement": true,
          "statementsOutOfTransaction": false,
          "inheritConf": "default",
          "extraConf": [],
          "addDkuUdf": false,
          "statementsParseMode": "SPLIT",
          "statementsExecutionMode": "PREPARED"
        },
        "sql": "select \"CustomerID\" from  \"ETLDSPROJECT_vehicleservice_copy\"\nwhere \"2015\" not like \u0027%.%\u0027",
        "expandedSql": "select \"CustomerID\" from  \"ETLDSPROJECT_vehicleservice_copy\"\nwhere \"2015\" not like \u0027%.%\u0027"
      },
      {
        "mode": "SQL",
        "id": "dJmt4rzz0TJj",
        "runOn": 1520283413247,
        "runIn": 378,
        "runBy": "llaris",
        "connection": "Postgres",
        "state": "DONE",
        "futureId": "7fTEHzBq",
        "hash": "23a45a57829270d13e6a6e2c54d75989",
        "querySettings": {
          "addLimitToStatement": true,
          "statementsOutOfTransaction": false,
          "inheritConf": "default",
          "extraConf": [],
          "addDkuUdf": false,
          "statementsParseMode": "SPLIT",
          "statementsExecutionMode": "PREPARED"
        },
        "sql": "select * from  \"ETLDSPROJECT_vehicleservice_copy\"\nwhere \"2015\" not like \u0027%.%\u0027",
        "expandedSql": "select * from  \"ETLDSPROJECT_vehicleservice_copy\"\nwhere \"2015\" not like \u0027%.%\u0027"
      }
    ],
    "xw485fvp6": [
      {
        "mode": "SQL",
        "id": "oIi4f2FxnAAO",
        "runOn": 1520283837565,
        "runIn": 41,
        "runBy": "llaris",
        "connection": "Postgres",
        "state": "FAILED",
        "futureId": "y8c3FJ3c",
        "hash": "0896ddb3e3e8c7b864f6c82d6cc5dfae",
        "querySettings": {
          "addLimitToStatement": true,
          "statementsOutOfTransaction": false,
          "inheritConf": "default",
          "extraConf": [],
          "addDkuUdf": false,
          "statementsParseMode": "SPLIT",
          "statementsExecutionMode": "PREPARED"
        },
        "sql": "select * from  \"ETLDSPROJECT_vehicleservice_copy\"\nwhere max(\u00272014\u0027)",
        "expandedSql": "select * from  \"ETLDSPROJECT_vehicleservice_copy\"\nwhere max(\u00272014\u0027)"
      },
      {
        "mode": "SQL",
        "id": "uriany2YmAzS",
        "runOn": 1520283847540,
        "runIn": 21,
        "runBy": "llaris",
        "connection": "Postgres",
        "state": "FAILED",
        "futureId": "k8JRMYsN",
        "hash": "e352c684018929c0626de19e09f65de8",
        "querySettings": {
          "addLimitToStatement": true,
          "statementsOutOfTransaction": false,
          "inheritConf": "default",
          "extraConf": [],
          "addDkuUdf": false,
          "statementsParseMode": "SPLIT",
          "statementsExecutionMode": "PREPARED"
        },
        "sql": "select * from  \"ETLDSPROJECT_vehicleservice_copy\" max(\u00272014\u0027)",
        "expandedSql": "select * from  \"ETLDSPROJECT_vehicleservice_copy\" max(\u00272014\u0027)"
      },
      {
        "mode": "SQL",
        "id": "QvBWdPd9ukg7",
        "runOn": 1520283855074,
        "runIn": 39,
        "runBy": "llaris",
        "connection": "Postgres",
        "state": "DONE",
        "futureId": "NJgHTvlj",
        "hash": "09833955f07f928cae25bf51adf618d5",
        "querySettings": {
          "addLimitToStatement": true,
          "statementsOutOfTransaction": false,
          "inheritConf": "default",
          "extraConf": [],
          "addDkuUdf": false,
          "statementsParseMode": "SPLIT",
          "statementsExecutionMode": "PREPARED"
        },
        "sql": "select  max(\u00272014\u0027) from  \"ETLDSPROJECT_vehicleservice_copy\"",
        "expandedSql": "select  max(\u00272014\u0027) from  \"ETLDSPROJECT_vehicleservice_copy\""
      },
      {
        "mode": "SQL",
        "id": "vzkfa4gBRZR7",
        "runOn": 1520283866839,
        "runIn": 23,
        "runBy": "llaris",
        "connection": "Postgres",
        "state": "DONE",
        "futureId": "36lGwY7S",
        "hash": "dfa5a93a1fdf8dd487350605c834ae6c",
        "querySettings": {
          "addLimitToStatement": true,
          "statementsOutOfTransaction": false,
          "inheritConf": "default",
          "extraConf": [],
          "addDkuUdf": false,
          "statementsParseMode": "SPLIT",
          "statementsExecutionMode": "PREPARED"
        },
        "sql": "select  max(2014) from  \"ETLDSPROJECT_vehicleservice_copy\"",
        "expandedSql": "select  max(2014) from  \"ETLDSPROJECT_vehicleservice_copy\""
      },
      {
        "mode": "SQL",
        "id": "wDJVEs69Suz2",
        "runOn": 1520283873019,
        "runIn": 1092,
        "runBy": "llaris",
        "connection": "Postgres",
        "state": "DONE",
        "futureId": "FHYpvr83",
        "hash": "346db0a227db9ec0213d6aaa44c33ac3",
        "querySettings": {
          "addLimitToStatement": true,
          "statementsOutOfTransaction": false,
          "inheritConf": "default",
          "extraConf": [],
          "addDkuUdf": false,
          "statementsParseMode": "SPLIT",
          "statementsExecutionMode": "PREPARED"
        },
        "sql": "select  max(\"2014\") from  \"ETLDSPROJECT_vehicleservice_copy\"",
        "expandedSql": "select  max(\"2014\") from  \"ETLDSPROJECT_vehicleservice_copy\""
      },
      {
        "mode": "SQL",
        "id": "2WR5QKYPirUN",
        "runOn": 1520283897941,
        "runIn": 23,
        "runBy": "llaris",
        "connection": "Postgres",
        "state": "FAILED",
        "futureId": "Pr6mSxMY",
        "hash": "0baef3321d8279d1676523a7da4b4a58",
        "querySettings": {
          "addLimitToStatement": true,
          "statementsOutOfTransaction": false,
          "inheritConf": "default",
          "extraConf": [],
          "addDkuUdf": false,
          "statementsParseMode": "SPLIT",
          "statementsExecutionMode": "PREPARED"
        },
        "sql": "select  max(asnumeric(\"2014\")) from  \"ETLDSPROJECT_vehicleservice_copy\"",
        "expandedSql": "select  max(asnumeric(\"2014\")) from  \"ETLDSPROJECT_vehicleservice_copy\""
      },
      {
        "mode": "SQL",
        "id": "I4JYnrWRMsY5",
        "runOn": 1520283909059,
        "runIn": 148,
        "runBy": "llaris",
        "connection": "Postgres",
        "state": "FAILED",
        "futureId": "yVWmVxVi",
        "hash": "4c808e2bc018fc45b15fe0aa8b4e1705",
        "querySettings": {
          "addLimitToStatement": true,
          "statementsOutOfTransaction": false,
          "inheritConf": "default",
          "extraConf": [],
          "addDkuUdf": false,
          "statementsParseMode": "SPLIT",
          "statementsExecutionMode": "PREPARED"
        },
        "sql": "select  max(cast(\"2014\" as float)) from  \"ETLDSPROJECT_vehicleservice_copy\"",
        "expandedSql": "select  max(cast(\"2014\" as float)) from  \"ETLDSPROJECT_vehicleservice_copy\""
      },
      {
        "mode": "SQL",
        "id": "bnlaM7ymThAk",
        "runOn": 1520283929718,
        "runIn": 27,
        "runBy": "llaris",
        "connection": "Postgres",
        "state": "DONE",
        "futureId": "x7Z8GtNp",
        "hash": "251799c99358169d87b13faaac9103ea",
        "querySettings": {
          "addLimitToStatement": true,
          "statementsOutOfTransaction": false,
          "inheritConf": "default",
          "extraConf": [],
          "addDkuUdf": false,
          "statementsParseMode": "SPLIT",
          "statementsExecutionMode": "PREPARED"
        },
        "sql": "select  cast(\"2014\" as float) from  \"ETLDSPROJECT_vehicleservice_copy\"",
        "expandedSql": "select  cast(\"2014\" as float) from  \"ETLDSPROJECT_vehicleservice_copy\""
      },
      {
        "mode": "SQL",
        "id": "CGgrZPNjYKrk",
        "runOn": 1520283948590,
        "runIn": 24,
        "runBy": "llaris",
        "connection": "Postgres",
        "state": "FAILED",
        "futureId": "k9xbby7Q",
        "hash": "4c808e2bc018fc45b15fe0aa8b4e1705",
        "querySettings": {
          "addLimitToStatement": true,
          "statementsOutOfTransaction": false,
          "inheritConf": "default",
          "extraConf": [],
          "addDkuUdf": false,
          "statementsParseMode": "SPLIT",
          "statementsExecutionMode": "PREPARED"
        },
        "sql": "select  max(cast(\"2014\" as float)) from  \"ETLDSPROJECT_vehicleservice_copy\"",
        "expandedSql": "select  max(cast(\"2014\" as float)) from  \"ETLDSPROJECT_vehicleservice_copy\""
      },
      {
        "mode": "SQL",
        "id": "5PqMLO6Dem3c",
        "runOn": 1520284003430,
        "runIn": 25,
        "runBy": "llaris",
        "connection": "Postgres",
        "state": "FAILED",
        "futureId": "GQk1v0q3",
        "hash": "3017cb3c344da1eb35707e12814b4a9b",
        "querySettings": {
          "addLimitToStatement": true,
          "statementsOutOfTransaction": false,
          "inheritConf": "default",
          "extraConf": [],
          "addDkuUdf": false,
          "statementsParseMode": "SPLIT",
          "statementsExecutionMode": "PREPARED"
        },
        "sql": "select * from  \"ETLDSPROJECT_vehicleservice_copy\"\nwhere cast(\"2014\" as FLOAT) \u003e 1000",
        "expandedSql": "select * from  \"ETLDSPROJECT_vehicleservice_copy\"\nwhere cast(\"2014\" as FLOAT) \u003e 1000"
      },
      {
        "mode": "SQL",
        "id": "dqh8Ao7Fij6B",
        "runOn": 1520284044195,
        "runIn": 363,
        "runBy": "llaris",
        "connection": "Postgres",
        "state": "DONE",
        "futureId": "ABeJl2RZ",
        "hash": "d30e9a2be8435ac53a635e84e19626d5",
        "querySettings": {
          "addLimitToStatement": true,
          "statementsOutOfTransaction": false,
          "inheritConf": "default",
          "extraConf": [],
          "addDkuUdf": false,
          "statementsParseMode": "SPLIT",
          "statementsExecutionMode": "PREPARED"
        },
        "sql": "select * from  \"ETLDSPROJECT_vehicleservice_copy\"\nwhere \"2014\" like \u0027%,%\u0027",
        "expandedSql": "select * from  \"ETLDSPROJECT_vehicleservice_copy\"\nwhere \"2014\" like \u0027%,%\u0027"
      },
      {
        "mode": "SQL",
        "id": "BwQjXKy9pJh6",
        "runOn": 1520284163177,
        "runIn": 532,
        "runBy": "llaris",
        "connection": "Postgres",
        "state": "DONE",
        "futureId": "Xpi5dRmh",
        "hash": "3017cb3c344da1eb35707e12814b4a9b",
        "querySettings": {
          "addLimitToStatement": true,
          "statementsOutOfTransaction": false,
          "inheritConf": "default",
          "extraConf": [],
          "addDkuUdf": false,
          "statementsParseMode": "SPLIT",
          "statementsExecutionMode": "PREPARED"
        },
        "sql": "select * from  \"ETLDSPROJECT_vehicleservice_copy\"\nwhere cast(\"2014\" as FLOAT) \u003e 1000",
        "expandedSql": "select * from  \"ETLDSPROJECT_vehicleservice_copy\"\nwhere cast(\"2014\" as FLOAT) \u003e 1000"
      }
    ],
    "erqc5295yss": [
      {
        "mode": "SQL",
        "id": "rWcRvx6w0eNx",
        "runOn": 1520284253812,
        "runIn": 34,
        "runBy": "llaris",
        "connection": "Postgres",
        "state": "FAILED",
        "futureId": "UHyxJ4kW",
        "hash": "50d55263561a379ec7c2dd6bd05284a2",
        "querySettings": {
          "addLimitToStatement": true,
          "statementsOutOfTransaction": false,
          "inheritConf": "default",
          "extraConf": [],
          "addDkuUdf": false,
          "statementsParseMode": "SPLIT",
          "statementsExecutionMode": "PREPARED"
        },
        "sql": "select sum(\"2016E\") from \"ETLDSPROJECT_vehicleservice_copy\"",
        "expandedSql": "select sum(\"2016E\") from \"ETLDSPROJECT_vehicleservice_copy\""
      },
      {
        "mode": "SQL",
        "id": "R4qMzQS6uFlL",
        "runOn": 1520284283096,
        "runIn": 624,
        "runBy": "llaris",
        "connection": "Postgres",
        "state": "DONE",
        "futureId": "JcuO4ERL",
        "hash": "0213f20ab2ea351df6ab067fa93d81da",
        "querySettings": {
          "addLimitToStatement": true,
          "statementsOutOfTransaction": false,
          "inheritConf": "default",
          "extraConf": [],
          "addDkuUdf": false,
          "statementsParseMode": "SPLIT",
          "statementsExecutionMode": "PREPARED"
        },
        "sql": "select sum(cast(\"2016E\" as FLOAT)) from \"ETLDSPROJECT_vehicleservice_copy\"",
        "expandedSql": "select sum(cast(\"2016E\" as FLOAT)) from \"ETLDSPROJECT_vehicleservice_copy\""
      }
    ]
  }
}