[
    {
        "parameters": {
            "penalty": "l1", 
            "C": 0.01
        }, 
        "score_time": 24, 
        "test_score": 0.7450261029225483, 
        "fit_time": 30, 
        "num_samples": 2670, 
        "best_iteration": null, 
        "train_score": 0.7662458563547763, 
        "parameter_id": 0, 
        "time": 54, 
        "done_at": 1520274251249, 
        "grid_point_id": "{\"penalty\": \"l1\", \"C\": 0.01}@2"
    }, 
    {
        "parameters": {
            "penalty": "l1", 
            "C": 100.0
        }, 
        "score_time": 23, 
        "test_score": 0.7570622776563369, 
        "fit_time": 31, 
        "num_samples": 2671, 
        "best_iteration": null, 
        "train_score": 0.7764073636091166, 
        "parameter_id": 4, 
        "time": 54, 
        "done_at": 1520274251413, 
        "grid_point_id": "{\"penalty\": \"l1\", \"C\": 100.0}@0"
    }, 
    {
        "parameters": {
            "penalty": "l1", 
            "C": 1.0
        }, 
        "score_time": 32, 
        "test_score": 0.763971869474223, 
        "fit_time": 36, 
        "num_samples": 2670, 
        "best_iteration": null, 
        "train_score": 0.7715459899038128, 
        "parameter_id": 2, 
        "time": 68, 
        "done_at": 1520274251349, 
        "grid_point_id": "{\"penalty\": \"l1\", \"C\": 1.0}@1"
    }, 
    {
        "parameters": {
            "penalty": "l1", 
            "C": 0.1
        }, 
        "score_time": 35, 
        "test_score": 0.7764870772791563, 
        "fit_time": 42, 
        "num_samples": 2671, 
        "best_iteration": null, 
        "train_score": 0.7633473144348002, 
        "parameter_id": 1, 
        "time": 77, 
        "done_at": 1520274251299, 
        "grid_point_id": "{\"penalty\": \"l1\", \"C\": 0.1}@0"
    }, 
    {
        "parameters": {
            "penalty": "l1", 
            "C": 100.0
        }, 
        "score_time": 20, 
        "test_score": 0.7423114676807259, 
        "fit_time": 28, 
        "num_samples": 2670, 
        "best_iteration": null, 
        "train_score": 0.7790990395022864, 
        "parameter_id": 4, 
        "time": 48, 
        "done_at": 1520274251413, 
        "grid_point_id": "{\"penalty\": \"l1\", \"C\": 100.0}@1"
    }, 
    {
        "parameters": {
            "penalty": "l1", 
            "C": 1.0
        }, 
        "score_time": 26, 
        "test_score": 0.7770399897132569, 
        "fit_time": 28, 
        "num_samples": 2671, 
        "best_iteration": null, 
        "train_score": 0.769793821692864, 
        "parameter_id": 2, 
        "time": 54, 
        "done_at": 1520274251331, 
        "grid_point_id": "{\"penalty\": \"l1\", \"C\": 1.0}@0"
    }, 
    {
        "parameters": {
            "penalty": "l1", 
            "C": 0.1
        }, 
        "score_time": 32, 
        "test_score": 0.765422365811913, 
        "fit_time": 30, 
        "num_samples": 2670, 
        "best_iteration": null, 
        "train_score": 0.765197155358328, 
        "parameter_id": 1, 
        "time": 62, 
        "done_at": 1520274251296, 
        "grid_point_id": "{\"penalty\": \"l1\", \"C\": 0.1}@1"
    }, 
    {
        "parameters": {
            "penalty": "l1", 
            "C": 10.0
        }, 
        "score_time": 34, 
        "test_score": 0.7482560121742072, 
        "fit_time": 34, 
        "num_samples": 2670, 
        "best_iteration": null, 
        "train_score": 0.7860527701021759, 
        "parameter_id": 3, 
        "time": 68, 
        "done_at": 1520274251400, 
        "grid_point_id": "{\"penalty\": \"l1\", \"C\": 10.0}@2"
    }, 
    {
        "parameters": {
            "penalty": "l1", 
            "C": 0.01
        }, 
        "score_time": 34, 
        "test_score": 0.772025631134542, 
        "fit_time": 20, 
        "num_samples": 2671, 
        "best_iteration": null, 
        "train_score": 0.7559520589061248, 
        "parameter_id": 0, 
        "time": 54, 
        "done_at": 1520274251244, 
        "grid_point_id": "{\"penalty\": \"l1\", \"C\": 0.01}@0"
    }, 
    {
        "parameters": {
            "penalty": "l1", 
            "C": 100.0
        }, 
        "score_time": 10, 
        "test_score": 0.7474109627980753, 
        "fit_time": 34, 
        "num_samples": 2670, 
        "best_iteration": null, 
        "train_score": 0.7861420029953081, 
        "parameter_id": 4, 
        "time": 44, 
        "done_at": 1520274251416, 
        "grid_point_id": "{\"penalty\": \"l1\", \"C\": 100.0}@2"
    }, 
    {
        "parameters": {
            "penalty": "l1", 
            "C": 10.0
        }, 
        "score_time": 32, 
        "test_score": 0.7463898614685825, 
        "fit_time": 34, 
        "num_samples": 2670, 
        "best_iteration": null, 
        "train_score": 0.7789566100767102, 
        "parameter_id": 3, 
        "time": 66, 
        "done_at": 1520274251393, 
        "grid_point_id": "{\"penalty\": \"l1\", \"C\": 10.0}@1"
    }, 
    {
        "parameters": {
            "penalty": "l1", 
            "C": 0.1
        }, 
        "score_time": 39, 
        "test_score": 0.7526135127173921, 
        "fit_time": 32, 
        "num_samples": 2670, 
        "best_iteration": null, 
        "train_score": 0.7741047860148031, 
        "parameter_id": 1, 
        "time": 71, 
        "done_at": 1520274251292, 
        "grid_point_id": "{\"penalty\": \"l1\", \"C\": 0.1}@2"
    }, 
    {
        "parameters": {
            "penalty": "l1", 
            "C": 1.0
        }, 
        "score_time": 30, 
        "test_score": 0.7519041521638503, 
        "fit_time": 33, 
        "num_samples": 2670, 
        "best_iteration": null, 
        "train_score": 0.7803287803107621, 
        "parameter_id": 2, 
        "time": 63, 
        "done_at": 1520274251362, 
        "grid_point_id": "{\"penalty\": \"l1\", \"C\": 1.0}@2"
    }, 
    {
        "parameters": {
            "penalty": "l1", 
            "C": 0.01
        }, 
        "score_time": 29, 
        "test_score": 0.7569461083501012, 
        "fit_time": 28, 
        "num_samples": 2670, 
        "best_iteration": null, 
        "train_score": 0.7575913382317043, 
        "parameter_id": 0, 
        "time": 57, 
        "done_at": 1520274251249, 
        "grid_point_id": "{\"penalty\": \"l1\", \"C\": 0.01}@1"
    }, 
    {
        "parameters": {
            "penalty": "l1", 
            "C": 10.0
        }, 
        "score_time": 34, 
        "test_score": 0.7625433971968626, 
        "fit_time": 31, 
        "num_samples": 2671, 
        "best_iteration": null, 
        "train_score": 0.7763285696251123, 
        "parameter_id": 3, 
        "time": 65, 
        "done_at": 1520274251400, 
        "grid_point_id": "{\"penalty\": \"l1\", \"C\": 10.0}@0"
    }
]