{
    "gridSize": 5, 
    "nThreads": 8, 
    "metric": "ROC_AUC", 
    "gridPoints": [
        {
            "index": 0, 
            "finishedAt": 1520274251249.0, 
            "score": 0.75800103168871991, 
            "parameters": {
                "penalty": "l1", 
                "C": 0.01
            }, 
            "time": 165.0
        }, 
        {
            "index": 1, 
            "finishedAt": 1520274251299.0, 
            "score": 0.76484105784226741, 
            "parameters": {
                "penalty": "l1", 
                "C": 0.1
            }, 
            "time": 210.0
        }, 
        {
            "index": 2, 
            "finishedAt": 1520274251362.0, 
            "score": 0.76430692676292167, 
            "parameters": {
                "penalty": "l1", 
                "C": 1.0
            }, 
            "time": 185.0
        }, 
        {
            "index": 3, 
            "finishedAt": 1520274251400.0, 
            "score": 0.75239567382390971, 
            "parameters": {
                "penalty": "l1", 
                "C": 10.0
            }, 
            "time": 199.0
        }, 
        {
            "index": 4, 
            "finishedAt": 1520274251416.0, 
            "score": 0.74892741008469588, 
            "parameters": {
                "penalty": "l1", 
                "C": 100.0
            }, 
            "time": 146.0
        }
    ], 
    "startedAt": 1520274251138, 
    "nSplits": 3
}