{
    "usedGridSearch": true, 
    "probaAware": true, 
    "gridSize": 5, 
    "modelInputNRows": 8011, 
    "modelInputNCols": 113, 
    "modelInputMemory": 7241944, 
    "gridCells": [
        {
            "scoreTimeStd": 0.0040824829046386315, 
            "scoreTime": 0.028999999999999998, 
            "fitTime": 0.025999999999999999, 
            "score": 0.75800103168872002, 
            "params": {
                "penalty": "l1", 
                "C": 0.01
            }, 
            "fitTimeStd": 0.0043204937989385732, 
            "scoreStd": 0.011048061376894241
        }, 
        {
            "scoreTimeStd": 0.0028674417556808752, 
            "scoreTime": 0.035333333333333335, 
            "fitTime": 0.034666666666666672, 
            "score": 0.76484243903206472, 
            "params": {
                "penalty": "l1", 
                "C": 0.1
            }, 
            "fitTimeStd": 0.0052493385826745415, 
            "scoreStd": 0.0097552669021087699
        }, 
        {
            "scoreTimeStd": 0.0024944382578492952, 
            "scoreTime": 0.029333333333333333, 
            "fitTime": 0.032333333333333332, 
            "score": 0.76430692676292167, 
            "params": {
                "penalty": "l1", 
                "C": 1.0
            }, 
            "fitTimeStd": 0.0032998316455372205, 
            "scoreStd": 0.010264716818524309
        }, 
        {
            "scoreTimeStd": 0.00094280904158206415, 
            "scoreTime": 0.033333333333333333, 
            "fitTime": 0.033000000000000002, 
            "score": 0.75239769024329917, 
            "params": {
                "penalty": "l1", 
                "C": 10.0
            }, 
            "fitTimeStd": 0.0014142135623730965, 
            "scoreStd": 0.0072157680374352511
        }, 
        {
            "scoreTimeStd": 0.0055577773335110216, 
            "scoreTime": 0.017666666666666667, 
            "fitTime": 0.031, 
            "score": 0.74892925140412869, 
            "params": {
                "penalty": "l1", 
                "C": 100.0
            }, 
            "fitTimeStd": 0.0024494897427831787, 
            "scoreStd": 0.0061171108900227363
        }
    ], 
    "lmCoefficients": {
        "interceptStderr": null, 
        "interceptTstat": null, 
        "rescaledCoefs": [
            0.071138001465469322, 
            2.3917619342941016e-06, 
            -0.00043474818302027514, 
            -1.0369133783415974, 
            -0.12241146463640988, 
            -0.01896594467842885, 
            -0.52745533535845845, 
            -0.07329515866248848, 
            0.66511267232164473
        ], 
        "variables": [
            "Age", 
            "Balance", 
            "CreditScore", 
            "IsActiveMember", 
            "NumOfProducts", 
            "Tenure", 
            "dummy:Gender:Male", 
            "dummy:Geography:France", 
            "dummy:Geography:Germany"
        ], 
        "interceptCoef": -1.459230193334905, 
        "interceptPvalue": null, 
        "coefs": [
            0.7403668030305196, 
            0.14933722833183671, 
            -0.041910154221340104, 
            -0.51839199127423397, 
            -0.071008985989544707, 
            -0.054521860446117849, 
            -0.52745533535845845, 
            -0.07329515866248848, 
            0.66511267232164473
        ]
    }, 
    "gridBestScore": 0.76484243903206472, 
    "modelInputIsSparse": false
}