{
  "state": "DONE",
  "preSearchDescription": {
    "gridLength": 5,
    "importantParams": [
      {
        "name": "penalty",
        "vals": [
          "l1"
        ]
      },
      {
        "name": "C",
        "vals": [
          "0.01",
          "0.1",
          "1.0",
          "10.0",
          "100.0"
        ]
      }
    ]
  },
  "postSearchDescription": {
    "importantParams": [
      {
        "name": "C",
        "val": "0.1"
      },
      {
        "name": "penalty",
        "val": "l1"
      }
    ]
  },
  "modelId": "m1",
  "progress": {
    "top_level_todo": [],
    "stack": [],
    "top_level_done": [
      {
        "name": "Loading train set",
        "time": 22
      },
      {
        "name": "Loading test set",
        "time": 8
      },
      {
        "name": "Collecting statistics",
        "time": 20
      },
      {
        "name": "Preprocessing train set",
        "time": 36
      },
      {
        "name": "Preprocessing test set",
        "time": 22
      },
      {
        "name": "Grid searching",
        "time": 1065
      },
      {
        "name": "Fitting model",
        "time": 20
      },
      {
        "name": "Saving model",
        "time": 2
      },
      {
        "name": "Scoring model",
        "time": 571
      }
    ]
  },
  "startTime": 1520274251013,
  "endTime": 1520274252784,
  "preprocessingTime": 111,
  "trainingTime": 1660
}