{
    "per_feature": {
        "Surname": {
            "stats": {
                "mostFrequentValue": "Walker", 
                "leastFrequentValue": "Weller"
            }, 
            "category_possible_counts": [
                25, 
                24, 
                23, 
                22, 
                22, 
                21, 
                21, 
                20, 
                20, 
                20, 
                20, 
                20, 
                19, 
                19, 
                18, 
                18, 
                18, 
                18, 
                18, 
                18, 
                18, 
                17, 
                17, 
                17, 
                17, 
                17, 
                17, 
                17, 
                17, 
                17, 
                16, 
                16, 
                16, 
                16, 
                16, 
                16, 
                16, 
                16, 
                16, 
                16, 
                16, 
                16, 
                16, 
                16, 
                16, 
                16, 
                15, 
                15, 
                15, 
                15, 
                15, 
                15, 
                15, 
                15, 
                15, 
                15, 
                15, 
                15, 
                15, 
                15, 
                15, 
                15, 
                15, 
                14, 
                14, 
                14, 
                14, 
                14, 
                14, 
                14, 
                14, 
                14, 
                14, 
                14, 
                14, 
                14, 
                14, 
                14, 
                14, 
                14, 
                14, 
                14, 
                13, 
                13, 
                13, 
                13, 
                13, 
                13, 
                13, 
                13, 
                13, 
                13, 
                13, 
                13, 
                13, 
                13, 
                13, 
                13, 
                13, 
                13, 
                13
            ], 
            "category_possible_values": [
                "Walker", 
                "Martin", 
                "Smith", 
                "Shih", 
                "Scott", 
                "Wang", 
                "Wilson", 
                "Johnson", 
                "Brown", 
                "Yeh", 
                "Maclean", 
                "Lu", 
                "Wright", 
                "Hughes", 
                "King", 
                "Chu", 
                "Thompson", 
                "Mai", 
                "Anderson", 
                "Sun", 
                "Duncan", 
                "Fanucci", 
                "Watson", 
                "Pan", 
                "Mitchell", 
                "Kerr", 
                "Moore", 
                "White", 
                "Boyle", 
                "Ma", 
                "Palerma", 
                "Greco", 
                "Mao", 
                "Burns", 
                "Tuan", 
                "Ch'iu", 
                "Genovese", 
                "Pai", 
                "Fang", 
                "Gordon", 
                "Tang", 
                "McIntyre", 
                "McGregor", 
                "Jamieson", 
                "Crawford", 
                "Manfrin", 
                "Shen", 
                "Ross", 
                "Kung", 
                "Ko", 
                "Chung", 
                "Davidson", 
                "Miller", 
                "Wallace", 
                "McDonald", 
                "Ch'ang", 
                "Chiu", 
                "Young", 
                "Fu", 
                "Calabresi", 
                "Lo", 
                "Trevisani", 
                "Cameron", 
                "Hill", 
                "Feng", 
                "Wan", 
                "Robertson", 
                "Kennedy", 
                "Hsieh", 
                "McKay", 
                "Endrizzi", 
                "Graham", 
                "He", 
                "Lung", 
                "Sinclair", 
                "Tien", 
                "Pisano", 
                "Hung", 
                "T'ien", 
                "Tu", 
                "Wei", 
                "Shaw", 
                "Cocci", 
                "Trevisano", 
                "Yao", 
                "Taylor", 
                "Tsao", 
                "Johnston", 
                "McMillan", 
                "Ts'ui", 
                "Moss", 
                "Pinto", 
                "Findlay", 
                "Clark", 
                "Pisani", 
                "H?", 
                "Calabrese", 
                "Sung", 
                "Kao", 
                "MacDonald", 
                "Marshall"
            ]
        }, 
        "Gender": {
            "stats": {
                "mostFrequentValue": "Male", 
                "leastFrequentValue": "Female"
            }, 
            "category_possible_counts": [
                4346
            ], 
            "category_possible_values": [
                "Male"
            ]
        }, 
        "IsActiveMember": {
            "stats": {
                "std": 0.49993760530251025, 
                "p99": 1.0, 
                "min": 0.0, 
                "max": 1.0, 
                "average": 0.5096741979777806, 
                "median": 1.0
            }, 
            "missing_impute_with_value": 0.5096741979777806
        }, 
        "Tenure": {
            "stats": {
                "std": 2.8747242159853474, 
                "p99": 10.0, 
                "min": 0.0, 
                "max": 10.0, 
                "average": 4.997628261140931, 
                "median": 5.0
            }, 
            "missing_impute_with_value": 4.997628261140931
        }, 
        "CreditScore": {
            "stats": {
                "std": 96.40098764802786, 
                "p99": 850.0, 
                "min": 350.0, 
                "max": 850.0, 
                "average": 649.7107726875546, 
                "median": 651.0
            }, 
            "missing_impute_with_value": 649.7107726875546
        }, 
        "NumOfProducts": {
            "stats": {
                "std": 0.5800844406237412, 
                "p99": 3.0, 
                "min": 1.0, 
                "max": 4.0, 
                "average": 1.5303957059043816, 
                "median": 1.0
            }, 
            "missing_impute_with_value": 1.5303957059043816
        }, 
        "Exited": {
            "stats": {}
        }, 
        "HasCrCard": {
            "stats": {}
        }, 
        "RowNumber": {
            "stats": {}
        }, 
        "EstimatedSalary": {
            "stats": {}
        }, 
        "Age": {
            "stats": {
                "std": 10.407472627550503, 
                "p99": 71.0, 
                "min": 18.0, 
                "max": 92.0, 
                "average": 38.84970665335164, 
                "median": 37.0
            }, 
            "missing_impute_with_value": 38.84970665335164
        }, 
        "Balance": {
            "stats": {
                "std": 62438.16585195036, 
                "p99": 186754.59499999986, 
                "min": 0.0, 
                "max": 250898.09, 
                "average": 76737.55225065531, 
                "median": 97092.87
            }, 
            "missing_impute_with_value": 76737.55225065531
        }, 
        "CustomerId": {
            "stats": {}
        }, 
        "Geography": {
            "stats": {
                "mostFrequentValue": "France", 
                "leastFrequentValue": "Spain"
            }, 
            "category_possible_counts": [
                4005, 
                2022
            ], 
            "category_possible_values": [
                "France", 
                "Germany"
            ]
        }
    }, 
    "feature_order": [
        "Surname", 
        "Gender", 
        "IsActiveMember", 
        "Tenure", 
        "CreditScore", 
        "NumOfProducts", 
        "Exited", 
        "HasCrCard", 
        "RowNumber", 
        "EstimatedSalary", 
        "Age", 
        "Balance", 
        "CustomerId", 
        "Geography"
    ]
}