{
  "trainedWithDSSVersion": "4.1.3",
  "isValid": true,
  "type": "BINARY_PROBABILISTIC",
  "algorithm_name": "LOGISTIC",
  "columns": [
    "Age",
    "Balance",
    "CreditScore",
    "IsActiveMember",
    "NumOfProducts",
    "Tenure",
    "dummy:Surname:Walker",
    "dummy:Surname:Martin",
    "dummy:Surname:Smith",
    "dummy:Surname:Shih",
    "dummy:Surname:Scott",
    "dummy:Surname:Wang",
    "dummy:Surname:Wilson",
    "dummy:Surname:Johnson",
    "dummy:Surname:Brown",
    "dummy:Surname:Yeh",
    "dummy:Surname:Maclean",
    "dummy:Surname:Lu",
    "dummy:Surname:Wright",
    "dummy:Surname:Hughes",
    "dummy:Surname:King",
    "dummy:Surname:Chu",
    "dummy:Surname:Thompson",
    "dummy:Surname:Mai",
    "dummy:Surname:Anderson",
    "dummy:Surname:Sun",
    "dummy:Surname:Duncan",
    "dummy:Surname:Fanucci",
    "dummy:Surname:Watson",
    "dummy:Surname:Pan",
    "dummy:Surname:Mitchell",
    "dummy:Surname:Kerr",
    "dummy:Surname:Moore",
    "dummy:Surname:White",
    "dummy:Surname:Boyle",
    "dummy:Surname:Ma",
    "dummy:Surname:Palerma",
    "dummy:Surname:Greco",
    "dummy:Surname:Mao",
    "dummy:Surname:Burns",
    "dummy:Surname:Tuan",
    "dummy:Surname:Ch\u0027iu",
    "dummy:Surname:Genovese",
    "dummy:Surname:Pai",
    "dummy:Surname:Fang",
    "dummy:Surname:Gordon",
    "dummy:Surname:Tang",
    "dummy:Surname:McIntyre",
    "dummy:Surname:McGregor",
    "dummy:Surname:Jamieson",
    "dummy:Surname:Crawford",
    "dummy:Surname:Manfrin",
    "dummy:Surname:Shen",
    "dummy:Surname:Ross",
    "dummy:Surname:Kung",
    "dummy:Surname:Ko",
    "dummy:Surname:Chung",
    "dummy:Surname:Davidson",
    "dummy:Surname:Miller",
    "dummy:Surname:Wallace",
    "dummy:Surname:McDonald",
    "dummy:Surname:Ch\u0027ang",
    "dummy:Surname:Chiu",
    "dummy:Surname:Young",
    "dummy:Surname:Fu",
    "dummy:Surname:Calabresi",
    "dummy:Surname:Lo",
    "dummy:Surname:Trevisani",
    "dummy:Surname:Cameron",
    "dummy:Surname:Hill",
    "dummy:Surname:Feng",
    "dummy:Surname:Wan",
    "dummy:Surname:Robertson",
    "dummy:Surname:Kennedy",
    "dummy:Surname:Hsieh",
    "dummy:Surname:McKay",
    "dummy:Surname:Endrizzi",
    "dummy:Surname:Graham",
    "dummy:Surname:He",
    "dummy:Surname:Lung",
    "dummy:Surname:Sinclair",
    "dummy:Surname:Tien",
    "dummy:Surname:Pisano",
    "dummy:Surname:Hung",
    "dummy:Surname:T\u0027ien",
    "dummy:Surname:Tu",
    "dummy:Surname:Wei",
    "dummy:Surname:Shaw",
    "dummy:Surname:Cocci",
    "dummy:Surname:Trevisano",
    "dummy:Surname:Yao",
    "dummy:Surname:Taylor",
    "dummy:Surname:Tsao",
    "dummy:Surname:Johnston",
    "dummy:Surname:McMillan",
    "dummy:Surname:Ts\u0027ui",
    "dummy:Surname:Moss",
    "dummy:Surname:Pinto",
    "dummy:Surname:Findlay",
    "dummy:Surname:Clark",
    "dummy:Surname:Pisani",
    "dummy:Surname:H?",
    "dummy:Surname:Calabrese",
    "dummy:Surname:Sung",
    "dummy:Surname:Kao",
    "dummy:Surname:MacDonald",
    "dummy:Surname:Marshall",
    "dummy:Surname:N/A",
    "dummy:Gender:Male",
    "dummy:Gender:N/A",
    "dummy:Geography:France",
    "dummy:Geography:Germany",
    "dummy:Geography:N/A"
  ],
  "classes": [
    "0",
    "1"
  ]
}