{
    "details": {
        "Gender": {
            "levels": [
                "Male"
            ], 
            "with_others": false
        }, 
        "Surname": {
            "levels": [
                "Walker", 
                "Martin", 
                "Smith", 
                "Shih", 
                "Scott", 
                "Wang", 
                "Wilson", 
                "Johnson", 
                "Brown", 
                "Yeh", 
                "Maclean", 
                "Lu", 
                "Wright", 
                "Hughes", 
                "King", 
                "Chu", 
                "Thompson", 
                "Mai", 
                "Anderson", 
                "Sun", 
                "Duncan", 
                "Fanucci", 
                "Watson", 
                "Pan", 
                "Mitchell", 
                "Kerr", 
                "Moore", 
                "White", 
                "Boyle", 
                "Ma", 
                "Palerma", 
                "Greco", 
                "Mao", 
                "Burns", 
                "Tuan", 
                "Ch'iu", 
                "Genovese", 
                "Pai", 
                "Fang", 
                "Gordon", 
                "Tang", 
                "McIntyre", 
                "McGregor", 
                "Jamieson", 
                "Crawford", 
                "Manfrin", 
                "Shen", 
                "Ross", 
                "Kung", 
                "Ko", 
                "Chung", 
                "Davidson", 
                "Miller", 
                "Wallace", 
                "McDonald", 
                "Ch'ang", 
                "Chiu", 
                "Young", 
                "Fu", 
                "Calabresi", 
                "Lo", 
                "Trevisani", 
                "Cameron", 
                "Hill", 
                "Feng", 
                "Wan", 
                "Robertson", 
                "Kennedy", 
                "Hsieh", 
                "McKay", 
                "Endrizzi", 
                "Graham", 
                "He", 
                "Lung", 
                "Sinclair", 
                "Tien", 
                "Pisano", 
                "Hung", 
                "T'ien", 
                "Tu", 
                "Wei", 
                "Shaw", 
                "Cocci", 
                "Trevisano", 
                "Yao", 
                "Taylor", 
                "Tsao", 
                "Johnston", 
                "McMillan", 
                "Ts'ui", 
                "Moss", 
                "Pinto", 
                "Findlay", 
                "Clark", 
                "Pisani", 
                "H?", 
                "Calabrese", 
                "Sung", 
                "Kao", 
                "MacDonald", 
                "Marshall"
            ], 
            "with_others": false
        }, 
        "Geography": {
            "levels": [
                "France", 
                "Germany"
            ], 
            "with_others": false
        }
    }
}