{
    "gridSize": 5, 
    "nThreads": 8, 
    "metric": "ROC_AUC", 
    "gridPoints": [
        {
            "index": 0, 
            "finishedAt": 1520274137728.0, 
            "score": 0.75799559873852074, 
            "parameters": {
                "penalty": "l1", 
                "C": 0.01
            }, 
            "time": 158.0
        }, 
        {
            "index": 1, 
            "finishedAt": 1520274137763.0, 
            "score": 0.76483905414183073, 
            "parameters": {
                "penalty": "l1", 
                "C": 0.1
            }, 
            "time": 206.0
        }, 
        {
            "index": 2, 
            "finishedAt": 1520274137820.0, 
            "score": 0.76430749673768728, 
            "parameters": {
                "penalty": "l1", 
                "C": 1.0
            }, 
            "time": 197.0
        }, 
        {
            "index": 3, 
            "finishedAt": 1520274137859.0, 
            "score": 0.75239681812230752, 
            "parameters": {
                "penalty": "l1", 
                "C": 10.0
            }, 
            "time": 170.0
        }, 
        {
            "index": 4, 
            "finishedAt": 1520274137881.0, 
            "score": 0.74892712374988968, 
            "parameters": {
                "penalty": "l1", 
                "C": 100.0
            }, 
            "time": 152.0
        }
    ], 
    "startedAt": 1520274137601, 
    "nSplits": 3
}