[
    {
        "parameters": {
            "penalty": "l1", 
            "C": 0.01
        }, 
        "score_time": 30, 
        "test_score": 0.7450261029225483, 
        "fit_time": 32, 
        "num_samples": 2670, 
        "best_iteration": null, 
        "train_score": 0.7662458563547763, 
        "parameter_id": 0, 
        "time": 62, 
        "done_at": 1520274137728, 
        "grid_point_id": "{\"penalty\": \"l1\", \"C\": 0.01}@2"
    }, 
    {
        "parameters": {
            "penalty": "l1", 
            "C": 100.0
        }, 
        "score_time": 15, 
        "test_score": 0.7570622776563369, 
        "fit_time": 41, 
        "num_samples": 2671, 
        "best_iteration": null, 
        "train_score": 0.7764097252816615, 
        "parameter_id": 4, 
        "time": 56, 
        "done_at": 1520274137881, 
        "grid_point_id": "{\"penalty\": \"l1\", \"C\": 100.0}@0"
    }, 
    {
        "parameters": {
            "penalty": "l1", 
            "C": 1.0
        }, 
        "score_time": 28, 
        "test_score": 0.7639761634243051, 
        "fit_time": 40, 
        "num_samples": 2670, 
        "best_iteration": null, 
        "train_score": 0.7715447028909312, 
        "parameter_id": 2, 
        "time": 68, 
        "done_at": 1520274137808, 
        "grid_point_id": "{\"penalty\": \"l1\", \"C\": 1.0}@1"
    }, 
    {
        "parameters": {
            "penalty": "l1", 
            "C": 0.1
        }, 
        "score_time": 30, 
        "test_score": 0.7764870772791563, 
        "fit_time": 39, 
        "num_samples": 2671, 
        "best_iteration": null, 
        "train_score": 0.7633468850397921, 
        "parameter_id": 1, 
        "time": 69, 
        "done_at": 1520274137749, 
        "grid_point_id": "{\"penalty\": \"l1\", \"C\": 0.1}@0"
    }, 
    {
        "parameters": {
            "penalty": "l1", 
            "C": 100.0
        }, 
        "score_time": 16, 
        "test_score": 0.7423106088907095, 
        "fit_time": 31, 
        "num_samples": 2670, 
        "best_iteration": null, 
        "train_score": 0.7790990395022863, 
        "parameter_id": 4, 
        "time": 47, 
        "done_at": 1520274137878, 
        "grid_point_id": "{\"penalty\": \"l1\", \"C\": 100.0}@1"
    }, 
    {
        "parameters": {
            "penalty": "l1", 
            "C": 1.0
        }, 
        "score_time": 37, 
        "test_score": 0.777045133084737, 
        "fit_time": 34, 
        "num_samples": 2671, 
        "best_iteration": null, 
        "train_score": 0.7697912453228148, 
        "parameter_id": 2, 
        "time": 71, 
        "done_at": 1520274137811, 
        "grid_point_id": "{\"penalty\": \"l1\", \"C\": 1.0}@0"
    }, 
    {
        "parameters": {
            "penalty": "l1", 
            "C": 0.1
        }, 
        "score_time": 34, 
        "test_score": 0.7654215070218966, 
        "fit_time": 29, 
        "num_samples": 2670, 
        "best_iteration": null, 
        "train_score": 0.765197369860475, 
        "parameter_id": 1, 
        "time": 63, 
        "done_at": 1520274137742, 
        "grid_point_id": "{\"penalty\": \"l1\", \"C\": 0.1}@1"
    }, 
    {
        "parameters": {
            "penalty": "l1", 
            "C": 10.0
        }, 
        "score_time": 21, 
        "test_score": 0.7482542945941746, 
        "fit_time": 33, 
        "num_samples": 2670, 
        "best_iteration": null, 
        "train_score": 0.7860536281107637, 
        "parameter_id": 3, 
        "time": 54, 
        "done_at": 1520274137849, 
        "grid_point_id": "{\"penalty\": \"l1\", \"C\": 10.0}@2"
    }, 
    {
        "parameters": {
            "penalty": "l1", 
            "C": 0.01
        }, 
        "score_time": 30, 
        "test_score": 0.7720144871630019, 
        "fit_time": 17, 
        "num_samples": 2671, 
        "best_iteration": null, 
        "train_score": 0.755947979653547, 
        "parameter_id": 0, 
        "time": 47, 
        "done_at": 1520274137703, 
        "grid_point_id": "{\"penalty\": \"l1\", \"C\": 0.01}@0"
    }, 
    {
        "parameters": {
            "penalty": "l1", 
            "C": 100.0
        }, 
        "score_time": 16, 
        "test_score": 0.7474109627980753, 
        "fit_time": 33, 
        "num_samples": 2670, 
        "best_iteration": null, 
        "train_score": 0.7861441480167776, 
        "parameter_id": 4, 
        "time": 49, 
        "done_at": 1520274137881, 
        "grid_point_id": "{\"penalty\": \"l1\", \"C\": 100.0}@2"
    }, 
    {
        "parameters": {
            "penalty": "l1", 
            "C": 10.0
        }, 
        "score_time": 22, 
        "test_score": 0.746393296628648, 
        "fit_time": 31, 
        "num_samples": 2670, 
        "best_iteration": null, 
        "train_score": 0.7789561810724164, 
        "parameter_id": 3, 
        "time": 53, 
        "done_at": 1520274137850, 
        "grid_point_id": "{\"penalty\": \"l1\", \"C\": 10.0}@1"
    }, 
    {
        "parameters": {
            "penalty": "l1", 
            "C": 0.1
        }, 
        "score_time": 42, 
        "test_score": 0.7526083599772935, 
        "fit_time": 32, 
        "num_samples": 2670, 
        "best_iteration": null, 
        "train_score": 0.7741028554954807, 
        "parameter_id": 1, 
        "time": 74, 
        "done_at": 1520274137763, 
        "grid_point_id": "{\"penalty\": \"l1\", \"C\": 0.1}@2"
    }, 
    {
        "parameters": {
            "penalty": "l1", 
            "C": 1.0
        }, 
        "score_time": 23, 
        "test_score": 0.7518964230537026, 
        "fit_time": 35, 
        "num_samples": 2670, 
        "best_iteration": null, 
        "train_score": 0.7803298528214969, 
        "parameter_id": 2, 
        "time": 58, 
        "done_at": 1520274137820, 
        "grid_point_id": "{\"penalty\": \"l1\", \"C\": 1.0}@2"
    }, 
    {
        "parameters": {
            "penalty": "l1", 
            "C": 0.01
        }, 
        "score_time": 25, 
        "test_score": 0.7569409556100029, 
        "fit_time": 24, 
        "num_samples": 2670, 
        "best_iteration": null, 
        "train_score": 0.7575887642059409, 
        "parameter_id": 0, 
        "time": 49, 
        "done_at": 1520274137708, 
        "grid_point_id": "{\"penalty\": \"l1\", \"C\": 0.01}@1"
    }, 
    {
        "parameters": {
            "penalty": "l1", 
            "C": 10.0
        }, 
        "score_time": 36, 
        "test_score": 0.7625451116540227, 
        "fit_time": 27, 
        "num_samples": 2671, 
        "best_iteration": null, 
        "train_score": 0.7763272814400878, 
        "parameter_id": 3, 
        "time": 63, 
        "done_at": 1520274137859, 
        "grid_point_id": "{\"penalty\": \"l1\", \"C\": 10.0}@0"
    }
]