{
    "usedGridSearch": true, 
    "probaAware": true, 
    "gridSize": 5, 
    "modelInputNRows": 8011, 
    "modelInputNCols": 113, 
    "modelInputMemory": 7241944, 
    "gridCells": [
        {
            "scoreTimeStd": 0.002357022603955157, 
            "scoreTime": 0.028333333333333332, 
            "fitTime": 0.024333333333333335, 
            "score": 0.75799559873852074, 
            "params": {
                "penalty": "l1", 
                "C": 0.01
            }, 
            "fitTimeStd": 0.0061282587702834119, 
            "scoreStd": 0.011043508732905978
        }, 
        {
            "scoreTimeStd": 0.0049888765156985895, 
            "scoreTime": 0.035333333333333335, 
            "fitTime": 0.033333333333333333, 
            "score": 0.76484043543882962, 
            "params": {
                "penalty": "l1", 
                "C": 0.1
            }, 
            "fitTimeStd": 0.0041899350299921777, 
            "scoreStd": 0.0097574027540799947
        }, 
        {
            "scoreTimeStd": 0.0057927157323275887, 
            "scoreTime": 0.029333333333333333, 
            "fitTime": 0.036333333333333336, 
            "score": 0.76430749673768728, 
            "params": {
                "penalty": "l1", 
                "C": 1.0
            }, 
            "fitTimeStd": 0.0026246692913372695, 
            "scoreStd": 0.010269910353442741
        }, 
        {
            "scoreTimeStd": 0.0068475461947247115, 
            "scoreTime": 0.026333333333333334, 
            "fitTime": 0.030333333333333334, 
            "score": 0.75239883432690446, 
            "params": {
                "penalty": "l1", 
                "C": 10.0
            }, 
            "fitTimeStd": 0.0024944382578492947, 
            "scoreStd": 0.0072159474155914817
        }, 
        {
            "scoreTimeStd": 0.00047140452079103207, 
            "scoreTime": 0.015666666666666666, 
            "fitTime": 0.035000000000000003, 
            "score": 0.74892896517652363, 
            "params": {
                "penalty": "l1", 
                "C": 100.0
            }, 
            "fitTimeStd": 0.0043204937989385741, 
            "scoreStd": 0.0061174205503209374
        }
    ], 
    "lmCoefficients": {
        "interceptStderr": null, 
        "interceptTstat": null, 
        "rescaledCoefs": [
            0.071138001465469322, 
            2.3917619342941016e-06, 
            -0.00043474818302027514, 
            -1.0369133783415974, 
            -0.12241146463640988, 
            -0.01896594467842885, 
            -0.52745533535845845, 
            -0.07329515866248848, 
            0.66511267232164473
        ], 
        "variables": [
            "Age", 
            "Balance", 
            "CreditScore", 
            "IsActiveMember", 
            "NumOfProducts", 
            "Tenure", 
            "dummy:Gender:Male", 
            "dummy:Geography:France", 
            "dummy:Geography:Germany"
        ], 
        "interceptCoef": -1.459230193334905, 
        "interceptPvalue": null, 
        "coefs": [
            0.7403668030305196, 
            0.14933722833183671, 
            -0.041910154221340104, 
            -0.51839199127423397, 
            -0.071008985989544707, 
            -0.054521860446117849, 
            -0.52745533535845845, 
            -0.07329515866248848, 
            0.66511267232164473
        ]
    }, 
    "gridBestScore": 0.76484043543882962, 
    "modelInputIsSparse": false
}