{
    "gridSize": 5, 
    "nThreads": 8, 
    "metric": "ROC_AUC", 
    "gridPoints": [
        {
            "index": 0, 
            "finishedAt": 1520273966874.0, 
            "score": 0.75799988760511472, 
            "parameters": {
                "penalty": "l1", 
                "C": 0.01
            }, 
            "time": 175.0
        }, 
        {
            "index": 1, 
            "finishedAt": 1520273966904.0, 
            "score": 0.76518159616759773, 
            "parameters": {
                "penalty": "l1", 
                "C": 0.1
            }, 
            "time": 223.0
        }, 
        {
            "index": 2, 
            "finishedAt": 1520273966959.0, 
            "score": 0.76465521945659698, 
            "parameters": {
                "penalty": "l1", 
                "C": 1.0
            }, 
            "time": 193.0
        }, 
        {
            "index": 3, 
            "finishedAt": 1520273966995.0, 
            "score": 0.75289047934394704, 
            "parameters": {
                "penalty": "l1", 
                "C": 10.0
            }, 
            "time": 193.0
        }, 
        {
            "index": 4, 
            "finishedAt": 1520273967011.0, 
            "score": 0.74939614110023989, 
            "parameters": {
                "penalty": "l1", 
                "C": 100.0
            }, 
            "time": 136.0
        }
    ], 
    "startedAt": 1520273966739, 
    "nSplits": 3
}