[
    {
        "parameters": {
            "penalty": "l1", 
            "C": 0.01
        }, 
        "score_time": 36, 
        "test_score": 0.7450235265524991, 
        "fit_time": 35, 
        "num_samples": 2670, 
        "best_iteration": null, 
        "train_score": 0.7662477868740988, 
        "parameter_id": 0, 
        "time": 71, 
        "done_at": 1520273966874, 
        "grid_point_id": "{\"penalty\": \"l1\", \"C\": 0.01}@2"
    }, 
    {
        "parameters": {
            "penalty": "l1", 
            "C": 100.0
        }, 
        "score_time": 15, 
        "test_score": 0.7573554498306975, 
        "fit_time": 37, 
        "num_samples": 2671, 
        "best_iteration": null, 
        "train_score": 0.7767957513940309, 
        "parameter_id": 4, 
        "time": 52, 
        "done_at": 1520273967011, 
        "grid_point_id": "{\"penalty\": \"l1\", \"C\": 100.0}@0"
    }, 
    {
        "parameters": {
            "penalty": "l1", 
            "C": 1.0
        }, 
        "score_time": 32, 
        "test_score": 0.7644802731639284, 
        "fit_time": 40, 
        "num_samples": 2670, 
        "best_iteration": null, 
        "train_score": 0.7718085405316821, 
        "parameter_id": 2, 
        "time": 72, 
        "done_at": 1520273966948, 
        "grid_point_id": "{\"penalty\": \"l1\", \"C\": 1.0}@1"
    }, 
    {
        "parameters": {
            "penalty": "l1", 
            "C": 0.1
        }, 
        "score_time": 36, 
        "test_score": 0.7766902404526165, 
        "fit_time": 33, 
        "num_samples": 2671, 
        "best_iteration": null, 
        "train_score": 0.7637745624679564, 
        "parameter_id": 1, 
        "time": 69, 
        "done_at": 1520273966888, 
        "grid_point_id": "{\"penalty\": \"l1\", \"C\": 0.1}@0"
    }, 
    {
        "parameters": {
            "penalty": "l1", 
            "C": 100.0
        }, 
        "score_time": 16, 
        "test_score": 0.7428576581311527, 
        "fit_time": 27, 
        "num_samples": 2670, 
        "best_iteration": null, 
        "train_score": 0.7793894754092594, 
        "parameter_id": 4, 
        "time": 43, 
        "done_at": 1520273967011, 
        "grid_point_id": "{\"penalty\": \"l1\", \"C\": 100.0}@1"
    }, 
    {
        "parameters": {
            "penalty": "l1", 
            "C": 1.0
        }, 
        "score_time": 25, 
        "test_score": 0.7771359993142171, 
        "fit_time": 39, 
        "num_samples": 2671, 
        "best_iteration": null, 
        "train_score": 0.7702322339962333, 
        "parameter_id": 2, 
        "time": 64, 
        "done_at": 1520273966921, 
        "grid_point_id": "{\"penalty\": \"l1\", \"C\": 1.0}@0"
    }, 
    {
        "parameters": {
            "penalty": "l1", 
            "C": 0.1
        }, 
        "score_time": 39, 
        "test_score": 0.7658294322796838, 
        "fit_time": 42, 
        "num_samples": 2670, 
        "best_iteration": null, 
        "train_score": 0.765442545814441, 
        "parameter_id": 1, 
        "time": 81, 
        "done_at": 1520273966904, 
        "grid_point_id": "{\"penalty\": \"l1\", \"C\": 0.1}@1"
    }, 
    {
        "parameters": {
            "penalty": "l1", 
            "C": 10.0
        }, 
        "score_time": 29, 
        "test_score": 0.7487386521634208, 
        "fit_time": 33, 
        "num_samples": 2670, 
        "best_iteration": null, 
        "train_score": 0.7863037376141099, 
        "parameter_id": 3, 
        "time": 62, 
        "done_at": 1520273966995, 
        "grid_point_id": "{\"penalty\": \"l1\", \"C\": 10.0}@2"
    }, 
    {
        "parameters": {
            "penalty": "l1", 
            "C": 0.01
        }, 
        "score_time": 24, 
        "test_score": 0.7720239166773819, 
        "fit_time": 29, 
        "num_samples": 2671, 
        "best_iteration": null, 
        "train_score": 0.7559505560235962, 
        "parameter_id": 0, 
        "time": 53, 
        "done_at": 1520273966867, 
        "grid_point_id": "{\"penalty\": \"l1\", \"C\": 0.01}@0"
    }, 
    {
        "parameters": {
            "penalty": "l1", 
            "C": 100.0
        }, 
        "score_time": 14, 
        "test_score": 0.7479777642088955, 
        "fit_time": 27, 
        "num_samples": 2670, 
        "best_iteration": null, 
        "train_score": 0.786392756005095, 
        "parameter_id": 4, 
        "time": 41, 
        "done_at": 1520273967010, 
        "grid_point_id": "{\"penalty\": \"l1\", \"C\": 100.0}@2"
    }, 
    {
        "parameters": {
            "penalty": "l1", 
            "C": 10.0
        }, 
        "score_time": 27, 
        "test_score": 0.7471086687123044, 
        "fit_time": 34, 
        "num_samples": 2670, 
        "best_iteration": null, 
        "train_score": 0.779221091223902, 
        "parameter_id": 3, 
        "time": 61, 
        "done_at": 1520273966989, 
        "grid_point_id": "{\"penalty\": \"l1\", \"C\": 10.0}@1"
    }, 
    {
        "parameters": {
            "penalty": "l1", 
            "C": 0.1
        }, 
        "score_time": 29, 
        "test_score": 0.7530248731352449, 
        "fit_time": 44, 
        "num_samples": 2670, 
        "best_iteration": null, 
        "train_score": 0.7743057745264972, 
        "parameter_id": 1, 
        "time": 73, 
        "done_at": 1520273966891, 
        "grid_point_id": "{\"penalty\": \"l1\", \"C\": 0.1}@2"
    }, 
    {
        "parameters": {
            "penalty": "l1", 
            "C": 1.0
        }, 
        "score_time": 25, 
        "test_score": 0.7523447114422606, 
        "fit_time": 32, 
        "num_samples": 2670, 
        "best_iteration": null, 
        "train_score": 0.7804913729381517, 
        "parameter_id": 2, 
        "time": 57, 
        "done_at": 1520273966959, 
        "grid_point_id": "{\"penalty\": \"l1\", \"C\": 1.0}@2"
    }, 
    {
        "parameters": {
            "penalty": "l1", 
            "C": 0.01
        }, 
        "score_time": 19, 
        "test_score": 0.7569469671401177, 
        "fit_time": 32, 
        "num_samples": 2670, 
        "best_iteration": null, 
        "train_score": 0.757588764205941, 
        "parameter_id": 0, 
        "time": 51, 
        "done_at": 1520273966854, 
        "grid_point_id": "{\"penalty\": \"l1\", \"C\": 0.01}@1"
    }, 
    {
        "parameters": {
            "penalty": "l1", 
            "C": 10.0
        }, 
        "score_time": 31, 
        "test_score": 0.7628262826282627, 
        "fit_time": 39, 
        "num_samples": 2671, 
        "best_iteration": null, 
        "train_score": 0.7767792196862152, 
        "parameter_id": 3, 
        "time": 70, 
        "done_at": 1520273966987, 
        "grid_point_id": "{\"penalty\": \"l1\", \"C\": 10.0}@0"
    }
]