{
    "usedGridSearch": true, 
    "probaAware": true, 
    "gridSize": 5, 
    "modelInputNRows": 8011, 
    "modelInputNCols": 115, 
    "modelInputMemory": 7370120, 
    "gridCells": [
        {
            "scoreTimeStd": 0.0071336448530108978, 
            "scoreTime": 0.02633333333333333, 
            "fitTime": 0.032000000000000001, 
            "score": 0.75799988760511472, 
            "params": {
                "penalty": "l1", 
                "C": 0.01
            }, 
            "fitTimeStd": 0.0024494897427831787, 
            "scoreStd": 0.011048316948686087
        }, 
        {
            "scoreTimeStd": 0.0041899350299921768, 
            "scoreTime": 0.034666666666666665, 
            "fitTime": 0.03966666666666667, 
            "score": 0.76518295190448105, 
            "params": {
                "penalty": "l1", 
                "C": 0.1
            }, 
            "fitTimeStd": 0.0047842333648024397, 
            "scoreStd": 0.0096724533387702698
        }, 
        {
            "scoreTimeStd": 0.0032998316455372214, 
            "scoreTime": 0.027333333333333334, 
            "fitTime": 0.036999999999999998, 
            "score": 0.76465521945659698, 
            "params": {
                "penalty": "l1", 
                "C": 1.0
            }, 
            "fitTimeStd": 0.0035590260840104369, 
            "scoreStd": 0.010122072370814415
        }, 
        {
            "scoreTimeStd": 0.0016329931618554523, 
            "scoreTime": 0.028999999999999998, 
            "fitTime": 0.035333333333333335, 
            "score": 0.75289244134793121, 
            "params": {
                "penalty": "l1", 
                "C": 10.0
            }, 
            "fitTimeStd": 0.0026246692913372695, 
            "scoreStd": 0.0070570413997338623
        }, 
        {
            "scoreTimeStd": 0.00081649658092772617, 
            "scoreTime": 0.014999999999999999, 
            "fitTime": 0.030333333333333334, 
            "score": 0.74939795083581595, 
            "params": {
                "penalty": "l1", 
                "C": 100.0
            }, 
            "fitTimeStd": 0.0047140452079103157, 
            "scoreStd": 0.0060034536261876735
        }
    ], 
    "lmCoefficients": {
        "interceptStderr": null, 
        "interceptTstat": null, 
        "rescaledCoefs": [
            0.071153964258242858, 
            2.3713477006609918e-06, 
            -0.00043872191459166091, 
            1.0233986688783142e-07, 
            -0.083044205682497749, 
            -1.0388924498326235, 
            -0.12277314867117066, 
            -0.018674607044263582, 
            -0.52790790827218659, 
            -0.071926755801208483, 
            0.66789097616420379
        ], 
        "variables": [
            "Age", 
            "Balance", 
            "CreditScore", 
            "EstimatedSalary", 
            "HasCrCard", 
            "IsActiveMember", 
            "NumOfProducts", 
            "Tenure", 
            "dummy:Gender:Male", 
            "dummy:Geography:France", 
            "dummy:Geography:Germany"
        ], 
        "interceptCoef": -1.4610433580596429, 
        "interceptPvalue": null, 
        "coefs": [
            0.74053293535936937, 
            0.14806260102651214, 
            -0.04229322586946984, 
            0.005878640314630949, 
            -0.037750589120550633, 
            -0.51938140353618012, 
            -0.071218793270531447, 
            -0.053684345094155074, 
            -0.52790790827218659, 
            -0.071926755801208483, 
            0.66789097616420379
        ]
    }, 
    "gridBestScore": 0.76518295190448105, 
    "modelInputIsSparse": false
}