{
  "state": "DONE",
  "preSearchDescription": {
    "gridLength": 5,
    "importantParams": [
      {
        "name": "penalty",
        "vals": [
          "l1"
        ]
      },
      {
        "name": "C",
        "vals": [
          "0.01",
          "0.1",
          "1.0",
          "10.0",
          "100.0"
        ]
      }
    ]
  },
  "postSearchDescription": {
    "importantParams": [
      {
        "name": "C",
        "val": "0.1"
      },
      {
        "name": "penalty",
        "val": "l1"
      }
    ]
  },
  "modelId": "m1",
  "progress": {
    "top_level_todo": [],
    "stack": [],
    "top_level_done": [
      {
        "name": "Loading train set",
        "time": 34
      },
      {
        "name": "Loading test set",
        "time": 7
      },
      {
        "name": "Collecting statistics",
        "time": 24
      },
      {
        "name": "Preprocessing train set",
        "time": 61
      },
      {
        "name": "Preprocessing test set",
        "time": 27
      },
      {
        "name": "Grid searching",
        "time": 1059
      },
      {
        "name": "Fitting model",
        "time": 29
      },
      {
        "name": "Saving model",
        "time": 2
      },
      {
        "name": "Scoring model",
        "time": 603
      }
    ]
  },
  "startTime": 1520273966561,
  "endTime": 1520273968416,
  "preprocessingTime": 161,
  "trainingTime": 1694
}