{
  "type": "sql_query",
  "neverRecomputeExistingPartitions": false,
  "optionalDependencies": false,
  "params": {
    "allowMultipleConnections": false,
    "displayExecutionPlan": true,
    "skipPrerunValidate": false
  },
  "customMeta": {
    "kv": {}
  },
  "redispatchPartitioning": false,
  "maxRunningActivities": 0,
  "inputs": {
    "main": {
      "items": [
        {
          "ref": "FakeNamesUK_hw",
          "deps": []
        }
      ]
    }
  },
  "outputs": {
    "main": {
      "items": [
        {
          "ref": "bad_records_hw",
          "appendMode": false
        }
      ]
    }
  },
  "versionTag": {
    "versionNumber": 2,
    "lastModifiedBy": {
      "login": "llaris"
    },
    "lastModifiedOn": 1520272881570
  },
  "creationTag": {
    "versionNumber": 0,
    "lastModifiedBy": {
      "login": "llaris"
    },
    "lastModifiedOn": 1520272837504
  },
  "tags": [],
  "checklists": {
    "checklists": []
  }
}