{
  "type": "split",
  "neverRecomputeExistingPartitions": false,
  "optionalDependencies": false,
  "customMeta": {
    "kv": {}
  },
  "redispatchPartitioning": false,
  "maxRunningActivities": 0,
  "inputs": {
    "main": {
      "items": [
        {
          "ref": "FakeNames_check",
          "deps": []
        }
      ]
    }
  },
  "outputs": {
    "main": {
      "items": [
        {
          "ref": "bad_records",
          "appendMode": false
        },
        {
          "ref": "good_records",
          "appendMode": false
        }
      ]
    }
  },
  "versionTag": {
    "versionNumber": 1,
    "lastModifiedBy": {
      "login": "llaris"
    },
    "lastModifiedOn": 1520272653951
  },
  "creationTag": {
    "versionNumber": 0,
    "lastModifiedBy": {
      "login": "llaris"
    },
    "lastModifiedOn": 1520272632401
  },
  "tags": [],
  "checklists": {
    "checklists": []
  }
}